{
  "project_info": {
    "project_number": "12009385198",
    "firebase_url": "https://medmobile-6a305-default-rtdb.firebaseio.com",
    "project_id": "medmobile-6a305",
    "storage_bucket": "medmobile-6a305.appspot.com"
  },
  "client": [
    {
      "client_info": {
        "mobilesdk_app_id": "1:12009385198:android:89c89556e76a63c17cd7ff",
        "android_client_info": {
          "package_name": "project.faizan4742.medmobile"
        }
      },
      "oauth_client": [
        {
          "client_id": "12009385198-7s25lbo45abib27dahmr4a8sj8kinocm.apps.googleusercontent.com",
          "client_type": 1,
          "android_info": {
            "package_name": "project.faizan4742.medmobile",
            "certificate_hash": "51aeb508a77eab57f9f2e51f46b4afc24898ea03"
          }
        },
        {
          "client_id": "12009385198-3d908bbpqkkfd4ber4s3t3hre5frsi2a.apps.googleusercontent.com",
          "client_type": 3
        }
      ],
      "api_key": [
        {
          "current_key": "AIzaSyCrjn7wop2xJ7TpRnxNB-DzbSYxz9xSrys"
        }
      ],
      "services": {
        "appinvite_service": {
          "other_platform_oauth_client": [
            {
              "client_id": "12009385198-3d908bbpqkkfd4ber4s3t3hre5frsi2a.apps.googleusercontent.com",
              "client_type": 3
            }
          ]
        }
      }
    }
  ],
  "configuration_version": "1"
}