{
  "project_info": {
    "project_number": "815756305823",
    "firebase_url": "https://ambulance-7685a-default-rtdb.firebaseio.com",
    "project_id": "ambulance-7685a",
    "storage_bucket": "ambulance-7685a.appspot.com"
  },
  "client": [
    {
      "client_info": {
        "mobilesdk_app_id": "1:815756305823:android:368654062df36470ebc9aa",
        "android_client_info": {
          "package_name": "project.faizan4742.medmobile"
        }
      },
      "oauth_client": [],
      "api_key": [
        {
          "current_key": "AIzaSyBOJniV02nwzwYFrvI21pi1wBnh6CcpKaE"
        }
      ],
      "services": {
        "appinvite_service": {
          "other_platform_oauth_client": []
        }
      }
    }
  ],
  "configuration_version": "1"
}